id,url,status,timeMs,found,error
;;numeros,https://app.udeki.com/login?id/;;numeros,200,4786,NO,
;;838000047,https://app.udeki.com/login?id/;;838000047,200,4979,NO,
;;838000271,https://app.udeki.com/login?id/;;838000271,200,2418,NO,
;;838000284,https://app.udeki.com/login?id/;;838000284,200,3139,NO,
;;900394212,https://app.udeki.com/login?id/;;900394212,200,2504,NO,
;;838000284,https://app.udeki.com/login?id/;;838000284,200,2678,NO,
;;838000337,https://app.udeki.com/login?id/;;838000337,200,2200,NO,
;;838000284,https://app.udeki.com/login?id/;;838000284,200,2754,NO,
;;900394212,https://app.udeki.com/login?id/;;900394212,200,3837,NO,
;;838000271,https://app.udeki.com/login?id/;;838000271,200,2462,NO,
;;900394212,https://app.udeki.com/login?id/;;900394212,200,2655,NO,
;;811006541,https://app.udeki.com/login?id/;;811006541,200,2597,NO,
;;811031799,https://app.udeki.com/login?id/;;811031799,200,1938,NO,
;;811015434,https://app.udeki.com/login?id/;;811015434,200,2484,NO,
;;900116600,https://app.udeki.com/login?id/;;900116600,200,2713,NO,
;;811039075,https://app.udeki.com/login?id/;;811039075,200,2371,NO,
;;811025632,https://app.udeki.com/login?id/;;811025632,200,2187,NO,
;;811020918,https://app.udeki.com/login?id/;;811020918,200,2576,NO,
;;811015695,https://app.udeki.com/login?id/;;811015695,200,2083,NO,
;;890981421,https://app.udeki.com/login?id/;;890981421,200,1817,NO,
;;811017248,https://app.udeki.com/login?id/;;811017248,200,1793,NO,
;;811017403,https://app.udeki.com/login?id/;;811017403,200,2371,NO,
;;811023555,https://app.udeki.com/login?id/;;811023555,200,1870,NO,
;;811018517,https://app.udeki.com/login?id/;;811018517,200,2087,NO,
;;811023552,https://app.udeki.com/login?id/;;811023552,200,2014,NO,
;;811024125,https://app.udeki.com/login?id/;;811024125,200,2691,NO,
;;811023548,https://app.udeki.com/login?id/;;811023548,200,2106,NO,
;;811023548,https://app.udeki.com/login?id/;;811023548,200,2751,NO,
;;811023506,https://app.udeki.com/login?id/;;811023506,200,1886,NO,
;;811023548,https://app.udeki.com/login?id/;;811023548,200,2318,NO,
;;811027260,https://app.udeki.com/login?id/;;811027260,200,2731,NO,
;;811016981,https://app.udeki.com/login?id/;;811016981,200,2461,NO,
;;811024034,https://app.udeki.com/login?id/;;811024034,200,2133,NO,
;;811030333,https://app.udeki.com/login?id/;;811030333,200,2434,NO,
;;811027476,https://app.udeki.com/login?id/;;811027476,200,2174,NO,
;;811032888,https://app.udeki.com/login?id/;;811032888,200,2402,NO,
;;811031322,https://app.udeki.com/login?id/;;811031322,200,2281,NO,
;;811030208,https://app.udeki.com/login?id/;;811030208,200,1869,NO,
;;811030527,https://app.udeki.com/login?id/;;811030527,200,2351,NO,
;;900044489,https://app.udeki.com/login?id/;;900044489,200,2217,NO,
;;811018924,https://app.udeki.com/login?id/;;811018924,200,2603,NO,
;;811015994,https://app.udeki.com/login?id/;;811015994,200,2672,NO,
;;811018924,https://app.udeki.com/login?id/;;811018924,200,1853,NO,
;;811018924,https://app.udeki.com/login?id/;;811018924,200,2199,NO,
;;811018924,https://app.udeki.com/login?id/;;811018924,200,1891,NO,
;;811020303,https://app.udeki.com/login?id/;;811020303,200,2686,NO,
;;901405850,https://app.udeki.com/login?id/;;901405850,200,2602,NO,
;;811020267,https://app.udeki.com/login?id/;;811020267,200,3014,NO,
;;811042159,https://app.udeki.com/login?id/;;811042159,200,3778,NO,
;;811043911,https://app.udeki.com/login?id/;;811043911,200,2424,NO,
;;811029924,https://app.udeki.com/login?id/;;811029924,200,2461,NO,
;;901119209,https://app.udeki.com/login?id/;;901119209,200,2512,NO,
;;811029810,https://app.udeki.com/login?id/;;811029810,200,1855,NO,
;;811019146,https://app.udeki.com/login?id/;;811019146,200,2497,NO,
;;811019240,https://app.udeki.com/login?id/;;811019240,200,1966,NO,
;;811019146,https://app.udeki.com/login?id/;;811019146,200,2490,NO,
;;900075788,https://app.udeki.com/login?id/;;900075788,200,2356,NO,
;;811031264,https://app.udeki.com/login?id/;;811031264,200,2517,NO,
;;811019240,https://app.udeki.com/login?id/;;811019240,200,1900,NO,
;;811024225,https://app.udeki.com/login?id/;;811024225,200,1993,NO,
;;900122990,https://app.udeki.com/login?id/;;900122990,200,1786,NO,
682005805,https://app.udeki.com/login?id/682005805,200,3915,NO,
800000298,https://app.udeki.com/login?id/800000298,200,3942,NO,
800001623,https://app.udeki.com/login?id/800001623,200,2324,NO,
800000529,https://app.udeki.com/login?id/800000529,200,2504,NO,
800002206,https://app.udeki.com/login?id/800002206,200,2314,NO,
800002159,https://app.udeki.com/login?id/800002159,200,2677,NO,
800002248,https://app.udeki.com/login?id/800002248,200,1785,NO,
800002221,https://app.udeki.com/login?id/800002221,200,2559,NO,
800002275,https://app.udeki.com/login?id/800002275,200,2398,NO,
800002733,https://app.udeki.com/login?id/800002733,200,1978,NO,
800002823,https://app.udeki.com/login?id/800002823,200,1876,NO,
800004163,https://app.udeki.com/login?id/800004163,200,2070,NO,
800004328,https://app.udeki.com/login?id/800004328,200,1698,NO,
800004220,https://app.udeki.com/login?id/800004220,200,2488,NO,
800004400,https://app.udeki.com/login?id/800004400,200,2047,NO,
800004569,https://app.udeki.com/login?id/800004569,200,1926,NO,
800004589,https://app.udeki.com/login?id/800004589,200,2197,NO,
800004624,https://app.udeki.com/login?id/800004624,200,2437,NO,
800005349,https://app.udeki.com/login?id/800005349,200,1663,NO,
800005425,https://app.udeki.com/login?id/800005425,200,2559,NO,
800005547,https://app.udeki.com/login?id/800005547,200,2493,NO,
800005883,https://app.udeki.com/login?id/800005883,200,2603,NO,
800006095,https://app.udeki.com/login?id/800006095,200,2434,NO,
800006480,https://app.udeki.com/login?id/800006480,200,2459,NO,
800006743,https://app.udeki.com/login?id/800006743,200,2499,NO,
800006549,https://app.udeki.com/login?id/800006549,200,4130,NO,
800007117,https://app.udeki.com/login?id/800007117,200,2060,NO,
800006889,https://app.udeki.com/login?id/800006889,200,2583,NO,
800007206,https://app.udeki.com/login?id/800007206,200,1728,NO,
800007216,https://app.udeki.com/login?id/800007216,200,1937,NO,
800007382,https://app.udeki.com/login?id/800007382,200,2502,NO,
800007805,https://app.udeki.com/login?id/800007805,200,2400,NO,
800008042,https://app.udeki.com/login?id/800008042,200,1996,NO,
800008056,https://app.udeki.com/login?id/800008056,200,2290,NO,
800008167,https://app.udeki.com/login?id/800008167,200,2509,NO,
800008208,https://app.udeki.com/login?id/800008208,200,2427,NO,
800008379,https://app.udeki.com/login?id/800008379,200,2544,NO,
800009590,https://app.udeki.com/login?id/800009590,200,2048,NO,
800008556,https://app.udeki.com/login?id/800008556,200,4115,NO,
800010009,https://app.udeki.com/login?id/800010009,200,1787,NO,
800009921,https://app.udeki.com/login?id/800009921,200,2915,NO,
800010389,https://app.udeki.com/login?id/800010389,200,1898,NO,
800010470,https://app.udeki.com/login?id/800010470,200,2562,NO,
800010624,https://app.udeki.com/login?id/800010624,200,1978,NO,
800010710,https://app.udeki.com/login?id/800010710,200,2609,NO,
800010818,https://app.udeki.com/login?id/800010818,200,2743,NO,
800011145,https://app.udeki.com/login?id/800011145,200,1896,NO,
800011076,https://app.udeki.com/login?id/800011076,200,2675,NO,
800011342,https://app.udeki.com/login?id/800011342,200,1675,NO,
800011333,https://app.udeki.com/login?id/800011333,200,2351,NO,
800011365,https://app.udeki.com/login?id/800011365,200,1688,NO,
800011385,https://app.udeki.com/login?id/800011385,200,2002,NO,
800011649,https://app.udeki.com/login?id/800011649,200,1696,NO,
800011654,https://app.udeki.com/login?id/800011654,200,1911,NO,
800011665,https://app.udeki.com/login?id/800011665,200,1796,NO,
800011848,https://app.udeki.com/login?id/800011848,200,1702,NO,
800011981,https://app.udeki.com/login?id/800011981,200,2025,NO,
800012035,https://app.udeki.com/login?id/800012035,200,2466,NO,
800012105,https://app.udeki.com/login?id/800012105,200,1966,NO,
800012286,https://app.udeki.com/login?id/800012286,200,1697,NO,
800012226,https://app.udeki.com/login?id/800012226,200,2326,NO,
800012346,https://app.udeki.com/login?id/800012346,200,2002,NO,
800012461,https://app.udeki.com/login?id/800012461,200,2368,NO,
800012623,https://app.udeki.com/login?id/800012623,200,2245,NO,
800012640,https://app.udeki.com/login?id/800012640,200,1962,NO,
800012771,https://app.udeki.com/login?id/800012771,200,1957,NO,
800012743,https://app.udeki.com/login?id/800012743,200,2288,NO,
800014311,https://app.udeki.com/login?id/800014311,200,2203,NO,
800014626,https://app.udeki.com/login?id/800014626,200,2624,NO,
800014649,https://app.udeki.com/login?id/800014649,200,1915,NO,
800015327,https://app.udeki.com/login?id/800015327,200,2001,NO,
800016064,https://app.udeki.com/login?id/800016064,200,1794,NO,
800016033,https://app.udeki.com/login?id/800016033,200,2619,NO,
800016088,https://app.udeki.com/login?id/800016088,200,2135,NO,
800016136,https://app.udeki.com/login?id/800016136,200,2648,NO,
800016286,https://app.udeki.com/login?id/800016286,200,1743,NO,
800016864,https://app.udeki.com/login?id/800016864,200,2301,NO,
800016942,https://app.udeki.com/login?id/800016942,200,1936,NO,
800017052,https://app.udeki.com/login?id/800017052,200,1916,NO,
800016996,https://app.udeki.com/login?id/800016996,200,2719,NO,
800017806,https://app.udeki.com/login?id/800017806,200,1887,NO,
800017926,https://app.udeki.com/login?id/800017926,200,2661,NO,
800018246,https://app.udeki.com/login?id/800018246,200,1680,NO,
800018755,https://app.udeki.com/login?id/800018755,200,2033,NO,
800018761,https://app.udeki.com/login?id/800018761,200,2342,NO,
800018809,https://app.udeki.com/login?id/800018809,200,2323,NO,
800018863,https://app.udeki.com/login?id/800018863,200,2036,NO,
800020594,https://app.udeki.com/login?id/800020594,200,2323,NO,
800021335,https://app.udeki.com/login?id/800021335,200,2204,NO,
800021571,https://app.udeki.com/login?id/800021571,200,2803,NO,
800022360,https://app.udeki.com/login?id/800022360,200,4058,NO,
800022838,https://app.udeki.com/login?id/800022838,200,2582,NO,
800022939,https://app.udeki.com/login?id/800022939,200,2179,NO,
800023951,https://app.udeki.com/login?id/800023951,200,2576,NO,
800024418,https://app.udeki.com/login?id/800024418,200,2372,NO,
800024433,https://app.udeki.com/login?id/800024433,200,2343,NO,
800024492,https://app.udeki.com/login?id/800024492,200,2576,NO,
800024818,https://app.udeki.com/login?id/800024818,200,1925,NO,
800024815,https://app.udeki.com/login?id/800024815,200,3873,NO,
800024832,https://app.udeki.com/login?id/800024832,200,2467,NO,
800024902,https://app.udeki.com/login?id/800024902,200,2214,NO,
800025035,https://app.udeki.com/login?id/800025035,200,2108,NO,
800024912,https://app.udeki.com/login?id/800024912,200,2726,NO,
800025049,https://app.udeki.com/login?id/800025049,200,2461,NO,
800025142,https://app.udeki.com/login?id/800025142,200,2106,NO,
800025227,https://app.udeki.com/login?id/800025227,200,1644,NO,
800025311,https://app.udeki.com/login?id/800025311,200,1977,NO,
800025527,https://app.udeki.com/login?id/800025527,200,2022,NO,
800026384,https://app.udeki.com/login?id/800026384,200,2331,NO,
800026588,https://app.udeki.com/login?id/800026588,200,1912,NO,
800026709,https://app.udeki.com/login?id/800026709,200,1744,NO,
800026887,https://app.udeki.com/login?id/800026887,200,2129,NO,
800026939,https://app.udeki.com/login?id/800026939,200,2081,NO,
800027263,https://app.udeki.com/login?id/800027263,200,1995,NO,
800027339,https://app.udeki.com/login?id/800027339,200,2363,NO,
800027398,https://app.udeki.com/login?id/800027398,200,1766,NO,
800027580,https://app.udeki.com/login?id/800027580,200,2101,NO,
800027648,https://app.udeki.com/login?id/800027648,200,1927,NO,
800027752,https://app.udeki.com/login?id/800027752,200,1997,NO,
800027784,https://app.udeki.com/login?id/800027784,200,2359,NO,
800027823,https://app.udeki.com/login?id/800027823,200,2431,NO,
800028049,https://app.udeki.com/login?id/800028049,200,2628,NO,
800028089,https://app.udeki.com/login?id/800028089,200,1994,NO,
800028107,https://app.udeki.com/login?id/800028107,200,1853,NO,
800028362,https://app.udeki.com/login?id/800028362,200,1893,NO,
800028435,https://app.udeki.com/login?id/800028435,200,2604,NO,
800028705,https://app.udeki.com/login?id/800028705,200,1746,NO,
800028590,https://app.udeki.com/login?id/800028590,200,4071,NO,
800029061,https://app.udeki.com/login?id/800029061,200,1664,NO,
800029202,https://app.udeki.com/login?id/800029202,200,2099,NO,
800029321,https://app.udeki.com/login?id/800029321,200,2018,NO,
800029382,https://app.udeki.com/login?id/800029382,200,1965,NO,
800029389,https://app.udeki.com/login?id/800029389,200,2031,NO,
800029408,https://app.udeki.com/login?id/800029408,200,1926,NO,
800029687,https://app.udeki.com/login?id/800029687,200,2198,NO,
800029838,https://app.udeki.com/login?id/800029838,200,2521,NO,
800029884,https://app.udeki.com/login?id/800029884,200,2655,NO,
800030000,https://app.udeki.com/login?id/800030000,200,2583,NO,
800030044,https://app.udeki.com/login?id/800030044,200,1868,NO,
800030229,https://app.udeki.com/login?id/800030229,200,1881,NO,
800030455,https://app.udeki.com/login?id/800030455,200,3854,NO,
800030633,https://app.udeki.com/login?id/800030633,200,4188,NO,
800031377,https://app.udeki.com/login?id/800031377,200,2100,NO,
800031434,https://app.udeki.com/login?id/800031434,200,1823,NO,
800031491,https://app.udeki.com/login?id/800031491,200,2305,NO,
800032044,https://app.udeki.com/login?id/800032044,200,2046,NO,
800032152,https://app.udeki.com/login?id/800032152,200,2412,NO,
800032206,https://app.udeki.com/login?id/800032206,200,3484,NO,
800032259,https://app.udeki.com/login?id/800032259,200,2748,NO,
800032749,https://app.udeki.com/login?id/800032749,200,1899,NO,
800033161,https://app.udeki.com/login?id/800033161,200,2255,NO,
800033247,https://app.udeki.com/login?id/800033247,200,2615,NO,
800033303,https://app.udeki.com/login?id/800033303,200,2191,NO,
800033424,https://app.udeki.com/login?id/800033424,200,2086,NO,
800033773,https://app.udeki.com/login?id/800033773,200,2562,NO,
800034237,https://app.udeki.com/login?id/800034237,200,2177,NO,
800034326,https://app.udeki.com/login?id/800034326,200,2353,NO,
800034438,https://app.udeki.com/login?id/800034438,200,2524,NO,
800035061,https://app.udeki.com/login?id/800035061,200,2040,NO,
800034532,https://app.udeki.com/login?id/800034532,200,3337,NO,
800036029,https://app.udeki.com/login?id/800036029,200,2075,NO,
800036063,https://app.udeki.com/login?id/800036063,200,2435,NO,
800036089,https://app.udeki.com/login?id/800036089,200,2270,NO,
800036345,https://app.udeki.com/login?id/800036345,200,2631,NO,
800036410,https://app.udeki.com/login?id/800036410,200,2246,NO,
800036448,https://app.udeki.com/login?id/800036448,200,2302,NO,
800036711,https://app.udeki.com/login?id/800036711,200,2169,NO,
800036903,https://app.udeki.com/login?id/800036903,200,2310,NO,
800036906,https://app.udeki.com/login?id/800036906,200,1943,NO,
800037608,https://app.udeki.com/login?id/800037608,200,2408,NO,
800037737,https://app.udeki.com/login?id/800037737,200,3823,NO,
800038435,https://app.udeki.com/login?id/800038435,200,2419,NO,
800039277,https://app.udeki.com/login?id/800039277,200,1822,NO,
800039781,https://app.udeki.com/login?id/800039781,200,2521,NO,
800040030,https://app.udeki.com/login?id/800040030,200,2392,NO,
800040228,https://app.udeki.com/login?id/800040228,200,2337,NO,
800040556,https://app.udeki.com/login?id/800040556,200,2096,NO,
800040630,https://app.udeki.com/login?id/800040630,200,2604,NO,
800040707,https://app.udeki.com/login?id/800040707,200,2263,NO,
800042845,https://app.udeki.com/login?id/800042845,200,2015,NO,
800043472,https://app.udeki.com/login?id/800043472,200,2351,NO,
800043820,https://app.udeki.com/login?id/800043820,200,3569,NO,
800044727,https://app.udeki.com/login?id/800044727,200,2275,NO,
800044998,https://app.udeki.com/login?id/800044998,200,1826,NO,
800045015,https://app.udeki.com/login?id/800045015,200,2583,NO,
800045078,https://app.udeki.com/login?id/800045078,200,2262,NO,
800045581,https://app.udeki.com/login?id/800045581,200,2422,NO,
800045612,https://app.udeki.com/login?id/800045612,200,2211,NO,
800045645,https://app.udeki.com/login?id/800045645,200,3388,NO,
800045947,https://app.udeki.com/login?id/800045947,200,2272,NO,
800045957,https://app.udeki.com/login?id/800045957,200,1821,NO,
800046008,https://app.udeki.com/login?id/800046008,200,2389,NO,
800046802,https://app.udeki.com/login?id/800046802,200,1771,NO,
800046335,https://app.udeki.com/login?id/800046335,200,2507,NO,
800046942,https://app.udeki.com/login?id/800046942,200,2158,NO,
800050062,https://app.udeki.com/login?id/800050062,200,2591,NO,
800050425,https://app.udeki.com/login?id/800050425,200,2096,NO,
800050394,https://app.udeki.com/login?id/800050394,200,2553,NO,
800051324,https://app.udeki.com/login?id/800051324,200,2072,NO,
800050998,https://app.udeki.com/login?id/800050998,200,2487,NO,
800052584,https://app.udeki.com/login?id/800052584,200,2368,NO,
800051469,https://app.udeki.com/login?id/800051469,200,3028,NO,
800053449,https://app.udeki.com/login?id/800053449,200,2602,NO,
800053942,https://app.udeki.com/login?id/800053942,200,2413,NO,
800054272,https://app.udeki.com/login?id/800054272,200,2359,NO,
800054276,https://app.udeki.com/login?id/800054276,200,2329,NO,
800054483,https://app.udeki.com/login?id/800054483,200,2317,NO,
800054678,https://app.udeki.com/login?id/800054678,200,2424,NO,
800055536,https://app.udeki.com/login?id/800055536,200,2313,NO,
800055469,https://app.udeki.com/login?id/800055469,200,2552,NO,
800056056,https://app.udeki.com/login?id/800056056,200,1862,NO,
800056581,https://app.udeki.com/login?id/800056581,200,2241,NO,
800057459,https://app.udeki.com/login?id/800057459,200,2255,NO,
800058047,https://app.udeki.com/login?id/800058047,200,2205,NO,
800058059,https://app.udeki.com/login?id/800058059,200,2175,NO,
800058601,https://app.udeki.com/login?id/800058601,200,1842,NO,
800058603,https://app.udeki.com/login?id/800058603,200,1901,NO,
800059037,https://app.udeki.com/login?id/800059037,200,1907,NO,
800059454,https://app.udeki.com/login?id/800059454,200,1762,NO,
800060022,https://app.udeki.com/login?id/800060022,200,1885,NO,
800060244,https://app.udeki.com/login?id/800060244,200,1977,NO,
800060302,https://app.udeki.com/login?id/800060302,200,2320,NO,
800061083,https://app.udeki.com/login?id/800061083,200,2302,NO,
800062427,https://app.udeki.com/login?id/800062427,200,1894,NO,
800062602,https://app.udeki.com/login?id/800062602,200,1713,NO,
800062600,https://app.udeki.com/login?id/800062600,200,2631,NO,
800063010,https://app.udeki.com/login?id/800063010,200,2009,NO,
800063123,https://app.udeki.com/login?id/800063123,200,2106,NO,
800063128,https://app.udeki.com/login?id/800063128,200,2015,NO,
800063281,https://app.udeki.com/login?id/800063281,200,2029,NO,
800063881,https://app.udeki.com/login?id/800063881,200,2648,NO,
800065599,https://app.udeki.com/login?id/800065599,200,1805,NO,
800063954,https://app.udeki.com/login?id/800063954,200,3635,NO,
800066823,https://app.udeki.com/login?id/800066823,200,2230,NO,
800067068,https://app.udeki.com/login?id/800067068,200,2343,NO,
800067231,https://app.udeki.com/login?id/800067231,200,2502,NO,
800067233,https://app.udeki.com/login?id/800067233,200,2491,NO,
800068158,https://app.udeki.com/login?id/800068158,200,1798,NO,
800068157,https://app.udeki.com/login?id/800068157,200,2019,NO,
800068431,https://app.udeki.com/login?id/800068431,200,2204,NO,
800068439,https://app.udeki.com/login?id/800068439,200,2730,NO,
800068506,https://app.udeki.com/login?id/800068506,200,2295,NO,
800068675,https://app.udeki.com/login?id/800068675,200,1879,NO,
800068773,https://app.udeki.com/login?id/800068773,200,1719,NO,
800068760,https://app.udeki.com/login?id/800068760,200,2425,NO,
800069378,https://app.udeki.com/login?id/800069378,200,2347,NO,
800070251,https://app.udeki.com/login?id/800070251,200,2035,NO,
800070519,https://app.udeki.com/login?id/800070519,200,2416,NO,
800070715,https://app.udeki.com/login?id/800070715,200,2374,NO,
800070892,https://app.udeki.com/login?id/800070892,200,2150,NO,
800070932,https://app.udeki.com/login?id/800070932,200,1970,NO,
800072525,https://app.udeki.com/login?id/800072525,200,1796,NO,
800072602,https://app.udeki.com/login?id/800072602,200,2020,NO,
800072810,https://app.udeki.com/login?id/800072810,200,2392,NO,
800073504,https://app.udeki.com/login?id/800073504,200,2354,NO,
800074418,https://app.udeki.com/login?id/800074418,200,2429,NO,
800075433,https://app.udeki.com/login?id/800075433,200,2538,NO,
800076393,https://app.udeki.com/login?id/800076393,200,1842,NO,
800076133,https://app.udeki.com/login?id/800076133,200,2343,NO,
800077565,https://app.udeki.com/login?id/800077565,200,2224,NO,
800077159,https://app.udeki.com/login?id/800077159,200,2526,NO,
800077656,https://app.udeki.com/login?id/800077656,200,1980,NO,
800078161,https://app.udeki.com/login?id/800078161,200,1883,NO,
800078387,https://app.udeki.com/login?id/800078387,200,2448,NO,
800078203,https://app.udeki.com/login?id/800078203,200,2601,NO,
800079137,https://app.udeki.com/login?id/800079137,200,2087,NO,
800079233,https://app.udeki.com/login?id/800079233,200,2046,NO,
800079467,https://app.udeki.com/login?id/800079467,200,1787,NO,
800079517,https://app.udeki.com/login?id/800079517,200,1719,NO,
800079653,https://app.udeki.com/login?id/800079653,200,1766,NO,
800079926,https://app.udeki.com/login?id/800079926,200,2282,NO,
800080423,https://app.udeki.com/login?id/800080423,200,1824,NO,
800080076,https://app.udeki.com/login?id/800080076,200,2615,NO,
800080860,https://app.udeki.com/login?id/800080860,200,1946,NO,
800081167,https://app.udeki.com/login?id/800081167,200,1708,NO,
800082378,https://app.udeki.com/login?id/800082378,200,1728,NO,
800082051,https://app.udeki.com/login?id/800082051,200,2275,NO,
800083362,https://app.udeki.com/login?id/800083362,200,2501,NO,
800085991,https://app.udeki.com/login?id/800085991,200,2192,NO,
800086822,https://app.udeki.com/login?id/800086822,200,1748,NO,
800086966,https://app.udeki.com/login?id/800086966,200,2345,NO,
800087079,https://app.udeki.com/login?id/800087079,200,2014,NO,
800087709,https://app.udeki.com/login?id/800087709,200,2154,NO,
800088031,https://app.udeki.com/login?id/800088031,200,2344,NO,
800088861,https://app.udeki.com/login?id/800088861,200,2537,NO,
800089760,https://app.udeki.com/login?id/800089760,200,2480,NO,
800090043,https://app.udeki.com/login?id/800090043,200,2245,NO,
800089798,https://app.udeki.com/login?id/800089798,200,3687,NO,
800090099,https://app.udeki.com/login?id/800090099,200,2360,NO,
800091749,https://app.udeki.com/login?id/800091749,200,2664,NO,
800092116,https://app.udeki.com/login?id/800092116,200,2712,NO,
800092007,https://app.udeki.com/login?id/800092007,200,3349,NO,
800092360,https://app.udeki.com/login?id/800092360,200,1676,NO,
800092127,https://app.udeki.com/login?id/800092127,200,2348,NO,
800092592,https://app.udeki.com/login?id/800092592,200,2079,NO,
800092673,https://app.udeki.com/login?id/800092673,200,2095,NO,
800092983,https://app.udeki.com/login?id/800092983,200,1760,NO,
800092907,https://app.udeki.com/login?id/800092907,200,2650,NO,
800093734,https://app.udeki.com/login?id/800093734,200,1699,NO,
800093091,https://app.udeki.com/login?id/800093091,200,2370,NO,
800094508,https://app.udeki.com/login?id/800094508,200,1697,NO,
800094329,https://app.udeki.com/login?id/800094329,200,2598,NO,
800094786,https://app.udeki.com/login?id/800094786,200,1828,NO,
800095074,https://app.udeki.com/login?id/800095074,200,2029,NO,
800095117,https://app.udeki.com/login?id/800095117,200,1927,NO,
800095277,https://app.udeki.com/login?id/800095277,200,2416,NO,
800095764,https://app.udeki.com/login?id/800095764,200,2253,NO,
800096058,https://app.udeki.com/login?id/800096058,200,2092,NO,
800096162,https://app.udeki.com/login?id/800096162,200,2363,NO,
800096642,https://app.udeki.com/login?id/800096642,200,2109,NO,
800096697,https://app.udeki.com/login?id/800096697,200,2514,NO,
800097029,https://app.udeki.com/login?id/800097029,200,2526,NO,
800097038,https://app.udeki.com/login?id/800097038,200,1765,NO,
800097490,https://app.udeki.com/login?id/800097490,200,2534,NO,
800097725,https://app.udeki.com/login?id/800097725,200,2450,NO,
800098071,https://app.udeki.com/login?id/800098071,200,1672,NO,
800097814,https://app.udeki.com/login?id/800097814,200,4192,NO,
800098147,https://app.udeki.com/login?id/800098147,200,2592,NO,
800098623,https://app.udeki.com/login?id/800098623,200,2658,NO,
800099402,https://app.udeki.com/login?id/800099402,200,2612,NO,
800099708,https://app.udeki.com/login?id/800099708,200,2053,NO,
800099769,https://app.udeki.com/login?id/800099769,200,1870,NO,
800100695,https://app.udeki.com/login?id/800100695,200,2164,NO,
800101019,https://app.udeki.com/login?id/800101019,200,2321,NO,
800101222,https://app.udeki.com/login?id/800101222,200,2448,NO,
800102083,https://app.udeki.com/login?id/800102083,200,2140,NO,
800102084,https://app.udeki.com/login?id/800102084,200,2334,NO,
800102458,https://app.udeki.com/login?id/800102458,200,2448,NO,
800102593,https://app.udeki.com/login?id/800102593,200,1763,NO,
800102519,https://app.udeki.com/login?id/800102519,200,2657,NO,
800102741,https://app.udeki.com/login?id/800102741,200,2174,NO,
800102844,https://app.udeki.com/login?id/800102844,200,2294,NO,
800102921,https://app.udeki.com/login?id/800102921,200,2022,NO,
800103187,https://app.udeki.com/login?id/800103187,200,2623,NO,
800103407,https://app.udeki.com/login?id/800103407,200,1803,NO,
800103670,https://app.udeki.com/login?id/800103670,200,2215,NO,
800103774,https://app.udeki.com/login?id/800103774,200,1781,NO,
800103781,https://app.udeki.com/login?id/800103781,200,2179,NO,
800104054,https://app.udeki.com/login?id/800104054,200,2160,NO,
800104221,https://app.udeki.com/login?id/800104221,200,1787,NO,
800104174,https://app.udeki.com/login?id/800104174,200,2222,NO,
800104342,https://app.udeki.com/login?id/800104342,200,2247,NO,
800104396,https://app.udeki.com/login?id/800104396,200,2717,NO,
800104784,https://app.udeki.com/login?id/800104784,200,1938,NO,
800105345,https://app.udeki.com/login?id/800105345,200,2448,NO,
800106115,https://app.udeki.com/login?id/800106115,200,2339,NO,
800106262,https://app.udeki.com/login?id/800106262,200,2253,NO,
800106381,https://app.udeki.com/login?id/800106381,200,2032,NO,
800106989,https://app.udeki.com/login?id/800106989,200,2554,NO,
800107280,https://app.udeki.com/login?id/800107280,200,1976,NO,
800107199,https://app.udeki.com/login?id/800107199,200,3923,NO,
800107672,https://app.udeki.com/login?id/800107672,200,1987,NO,
800107306,https://app.udeki.com/login?id/800107306,200,2692,NO,
800107833,https://app.udeki.com/login?id/800107833,200,2099,NO,
800107836,https://app.udeki.com/login?id/800107836,200,2563,NO,
800108292,https://app.udeki.com/login?id/800108292,200,2997,NO,
800108364,https://app.udeki.com/login?id/800108364,200,2215,NO,
800108310,https://app.udeki.com/login?id/800108310,200,4569,NO,
800108492,https://app.udeki.com/login?id/800108492,200,1784,NO,
800108475,https://app.udeki.com/login?id/800108475,200,2030,NO,
800108931,https://app.udeki.com/login?id/800108931,200,2094,NO,
800109316,https://app.udeki.com/login?id/800109316,200,2402,NO,
800109787,https://app.udeki.com/login?id/800109787,200,2477,NO,
800110400,https://app.udeki.com/login?id/800110400,200,2951,NO,
800111386,https://app.udeki.com/login?id/800111386,200,2047,NO,
800111710,https://app.udeki.com/login?id/800111710,200,2653,NO,
800112968,https://app.udeki.com/login?id/800112968,200,2472,NO,
800113200,https://app.udeki.com/login?id/800113200,200,2587,NO,
800113285,https://app.udeki.com/login?id/800113285,200,1833,NO,
800113725,https://app.udeki.com/login?id/800113725,200,2658,NO,
800114319,https://app.udeki.com/login?id/800114319,200,2690,NO,
800115401,https://app.udeki.com/login?id/800115401,200,2530,NO,
800115569,https://app.udeki.com/login?id/800115569,200,2533,NO,
800115970,https://app.udeki.com/login?id/800115970,200,2499,NO,
800116939,https://app.udeki.com/login?id/800116939,200,2649,NO,
800118518,https://app.udeki.com/login?id/800118518,200,1986,NO,
800117000,https://app.udeki.com/login?id/800117000,200,2475,NO,
800118767,https://app.udeki.com/login?id/800118767,200,1873,NO,
800119137,https://app.udeki.com/login?id/800119137,200,2169,NO,
800119213,https://app.udeki.com/login?id/800119213,200,1996,NO,
800120171,https://app.udeki.com/login?id/800120171,200,2409,NO,
800120207,https://app.udeki.com/login?id/800120207,200,2079,NO,
800121084,https://app.udeki.com/login?id/800121084,200,2471,NO,
800121394,https://app.udeki.com/login?id/800121394,200,2362,NO,
800122019,https://app.udeki.com/login?id/800122019,200,1851,NO,
800122064,https://app.udeki.com/login?id/800122064,200,1806,NO,
800122676,https://app.udeki.com/login?id/800122676,200,1859,NO,
800124332,https://app.udeki.com/login?id/800124332,200,1759,NO,
800124197,https://app.udeki.com/login?id/800124197,200,2709,NO,
800124367,https://app.udeki.com/login?id/800124367,200,1820,NO,
800124701,https://app.udeki.com/login?id/800124701,200,2522,NO,
800124851,https://app.udeki.com/login?id/800124851,200,1824,NO,
800125192,https://app.udeki.com/login?id/800125192,200,2502,NO,
800125212,https://app.udeki.com/login?id/800125212,200,3123,NO,
800125306,https://app.udeki.com/login?id/800125306,200,2594,NO,
800125310,https://app.udeki.com/login?id/800125310,200,2583,NO,
800125903,https://app.udeki.com/login?id/800125903,200,2645,NO,
800125932,https://app.udeki.com/login?id/800125932,200,2169,NO,
800126116,https://app.udeki.com/login?id/800126116,200,1740,NO,
800126345,https://app.udeki.com/login?id/800126345,200,2019,NO,
800126528,https://app.udeki.com/login?id/800126528,200,2394,NO,
800127067,https://app.udeki.com/login?id/800127067,200,2454,NO,
800127397,https://app.udeki.com/login?id/800127397,200,2700,NO,
800127391,https://app.udeki.com/login?id/800127391,200,4662,NO,
800127631,https://app.udeki.com/login?id/800127631,200,2186,NO,
800127689,https://app.udeki.com/login?id/800127689,200,2387,NO,
800128054,https://app.udeki.com/login?id/800128054,200,2008,NO,
800128291,https://app.udeki.com/login?id/800128291,200,2140,NO,
800128528,https://app.udeki.com/login?id/800128528,200,2439,NO,
800128622,https://app.udeki.com/login?id/800128622,200,2034,NO,
800128589,https://app.udeki.com/login?id/800128589,200,3832,NO,
800128809,https://app.udeki.com/login?id/800128809,200,2100,NO,
800128977,https://app.udeki.com/login?id/800128977,200,2518,NO,
800129449,https://app.udeki.com/login?id/800129449,200,1799,NO,
800129014,https://app.udeki.com/login?id/800129014,200,2633,NO,
800132116,https://app.udeki.com/login?id/800132116,200,2206,NO,
800131230,https://app.udeki.com/login?id/800131230,200,3774,NO,
800132742,https://app.udeki.com/login?id/800132742,200,3012,NO,
800132956,https://app.udeki.com/login?id/800132956,200,2949,NO,
800134486,https://app.udeki.com/login?id/800134486,200,2413,NO,
800136287,https://app.udeki.com/login?id/800136287,200,2087,NO,
800136353,https://app.udeki.com/login?id/800136353,200,2228,NO,
800136509,https://app.udeki.com/login?id/800136509,200,2382,NO,
800136683,https://app.udeki.com/login?id/800136683,200,2599,NO,
800137056,https://app.udeki.com/login?id/800137056,200,3596,NO,
800137367,https://app.udeki.com/login?id/800137367,200,2700,NO,
800137649,https://app.udeki.com/login?id/800137649,200,1957,NO,
800138495,https://app.udeki.com/login?id/800138495,200,2261,NO,
800138564,https://app.udeki.com/login?id/800138564,200,1739,NO,
800139477,https://app.udeki.com/login?id/800139477,200,1742,NO,
800142517,https://app.udeki.com/login?id/800142517,200,2784,NO,
800143351,https://app.udeki.com/login?id/800143351,200,2840,NO,
800143503,https://app.udeki.com/login?id/800143503,200,2466,NO,
800144814,https://app.udeki.com/login?id/800144814,200,2414,NO,
800144886,https://app.udeki.com/login?id/800144886,200,2661,NO,
800145178,https://app.udeki.com/login?id/800145178,200,2309,NO,
800146455,https://app.udeki.com/login?id/800146455,200,2385,NO,
800147624,https://app.udeki.com/login?id/800147624,200,3374,NO,
800147862,https://app.udeki.com/login?id/800147862,200,2638,NO,
800147833,https://app.udeki.com/login?id/800147833,200,4471,NO,
800149360,https://app.udeki.com/login?id/800149360,200,2247,NO,
800148828,https://app.udeki.com/login?id/800148828,200,2697,NO,
800149971,https://app.udeki.com/login?id/800149971,200,1904,NO,
800150670,https://app.udeki.com/login?id/800150670,200,2486,NO,
800151251,https://app.udeki.com/login?id/800151251,200,3234,NO,
800151532,https://app.udeki.com/login?id/800151532,200,2719,NO,
800151781,https://app.udeki.com/login?id/800151781,200,2120,NO,
800152168,https://app.udeki.com/login?id/800152168,200,2159,NO,
800152472,https://app.udeki.com/login?id/800152472,200,2342,NO,
800152758,https://app.udeki.com/login?id/800152758,200,2734,NO,
800153301,https://app.udeki.com/login?id/800153301,200,1903,NO,
800153666,https://app.udeki.com/login?id/800153666,200,1921,NO,
800153757,https://app.udeki.com/login?id/800153757,200,2755,NO,
800153828,https://app.udeki.com/login?id/800153828,200,2614,NO,
800153854,https://app.udeki.com/login?id/800153854,200,2450,NO,
800153881,https://app.udeki.com/login?id/800153881,200,2607,NO,
800153923,https://app.udeki.com/login?id/800153923,200,2681,NO,
800154104,https://app.udeki.com/login?id/800154104,200,2519,NO,
800155837,https://app.udeki.com/login?id/800155837,200,2070,NO,
800154643,https://app.udeki.com/login?id/800154643,200,2564,NO,
800155864,https://app.udeki.com/login?id/800155864,200,2289,NO,
800156232,https://app.udeki.com/login?id/800156232,200,2626,NO,
800156270,https://app.udeki.com/login?id/800156270,200,1734,NO,
800157051,https://app.udeki.com/login?id/800157051,200,2152,NO,
800157114,https://app.udeki.com/login?id/800157114,200,2349,NO,
800157431,https://app.udeki.com/login?id/800157431,200,2288,NO,
800157653,https://app.udeki.com/login?id/800157653,200,2437,NO,
800158402,https://app.udeki.com/login?id/800158402,200,2828,NO,
800158873,https://app.udeki.com/login?id/800158873,200,2168,NO,
800160171,https://app.udeki.com/login?id/800160171,200,2490,NO,
800160414,https://app.udeki.com/login?id/800160414,200,3266,NO,
800160419,https://app.udeki.com/login?id/800160419,200,2858,NO,
800160531,https://app.udeki.com/login?id/800160531,200,2062,NO,
800160623,https://app.udeki.com/login?id/800160623,200,1960,NO,
800160871,https://app.udeki.com/login?id/800160871,200,1853,NO,
800161116,https://app.udeki.com/login?id/800161116,200,2440,NO,
800161382,https://app.udeki.com/login?id/800161382,200,2655,NO,
800161467,https://app.udeki.com/login?id/800161467,200,2663,NO,
800162122,https://app.udeki.com/login?id/800162122,200,1916,NO,
800162007,https://app.udeki.com/login?id/800162007,200,4195,NO,
800162665,https://app.udeki.com/login?id/800162665,200,2423,NO,
800162681,https://app.udeki.com/login?id/800162681,200,2238,NO,
800162778,https://app.udeki.com/login?id/800162778,200,2763,NO,
800163153,https://app.udeki.com/login?id/800163153,200,2549,NO,
800163228,https://app.udeki.com/login?id/800163228,200,2746,NO,
800163940,https://app.udeki.com/login?id/800163940,200,2489,NO,
800164069,https://app.udeki.com/login?id/800164069,200,2428,NO,
800165495,https://app.udeki.com/login?id/800165495,200,2622,NO,
800165705,https://app.udeki.com/login?id/800165705,200,2608,NO,
800166129,https://app.udeki.com/login?id/800166129,200,2590,NO,
800166354,https://app.udeki.com/login?id/800166354,200,2131,NO,
800166777,https://app.udeki.com/login?id/800166777,200,1952,NO,
800166994,https://app.udeki.com/login?id/800166994,200,2053,NO,
800167423,https://app.udeki.com/login?id/800167423,200,2399,NO,
800168166,https://app.udeki.com/login?id/800168166,200,2248,NO,
800168203,https://app.udeki.com/login?id/800168203,200,2633,NO,
800168332,https://app.udeki.com/login?id/800168332,200,2575,NO,
800168612,https://app.udeki.com/login?id/800168612,200,2010,NO,
800168836,https://app.udeki.com/login?id/800168836,200,2494,NO,
800169769,https://app.udeki.com/login?id/800169769,200,2292,NO,
800169983,https://app.udeki.com/login?id/800169983,200,1745,NO,
800170307,https://app.udeki.com/login?id/800170307,200,2221,NO,
800170415,https://app.udeki.com/login?id/800170415,200,2381,NO,
800170889,https://app.udeki.com/login?id/800170889,200,2109,NO,
800170903,https://app.udeki.com/login?id/800170903,200,2224,NO,
800171206,https://app.udeki.com/login?id/800171206,200,2595,NO,
800171453,https://app.udeki.com/login?id/800171453,200,2671,NO,
800171497,https://app.udeki.com/login?id/800171497,200,2385,NO,
800171983,https://app.udeki.com/login?id/800171983,200,2075,NO,
800171628,https://app.udeki.com/login?id/800171628,200,2456,NO,
800172541,https://app.udeki.com/login?id/800172541,200,1982,NO,
800172758,https://app.udeki.com/login?id/800172758,200,2379,NO,
800172872,https://app.udeki.com/login?id/800172872,200,2683,NO,
800174012,https://app.udeki.com/login?id/800174012,200,2404,NO,
800174015,https://app.udeki.com/login?id/800174015,200,2015,NO,
800174730,https://app.udeki.com/login?id/800174730,200,1901,NO,
800175385,https://app.udeki.com/login?id/800175385,200,1784,NO,
800175112,https://app.udeki.com/login?id/800175112,200,1993,NO,
800175499,https://app.udeki.com/login?id/800175499,200,2380,NO,
800175490,https://app.udeki.com/login?id/800175490,200,2591,NO,
800175516,https://app.udeki.com/login?id/800175516,200,2348,NO,
800175507,https://app.udeki.com/login?id/800175507,200,2512,NO,
800175673,https://app.udeki.com/login?id/800175673,200,1768,NO,
800175668,https://app.udeki.com/login?id/800175668,200,1955,NO,
800175974,https://app.udeki.com/login?id/800175974,200,1823,NO,
800175684,https://app.udeki.com/login?id/800175684,200,2715,NO,
800176268,https://app.udeki.com/login?id/800176268,200,2502,NO,
800176275,https://app.udeki.com/login?id/800176275,200,1839,NO,
800176393,https://app.udeki.com/login?id/800176393,200,2131,NO,
800176398,https://app.udeki.com/login?id/800176398,200,2625,NO,
800176403,https://app.udeki.com/login?id/800176403,200,2071,NO,
800176777,https://app.udeki.com/login?id/800176777,200,1968,NO,
800177191,https://app.udeki.com/login?id/800177191,200,2063,NO,
800177348,https://app.udeki.com/login?id/800177348,200,1842,NO,
800177500,https://app.udeki.com/login?id/800177500,200,2107,NO,
800177754,https://app.udeki.com/login?id/800177754,200,2706,NO,
800178036,https://app.udeki.com/login?id/800178036,200,1936,NO,
800177862,https://app.udeki.com/login?id/800177862,200,3191,NO,
800178626,https://app.udeki.com/login?id/800178626,200,1708,NO,
800178375,https://app.udeki.com/login?id/800178375,200,2069,NO,
800178980,https://app.udeki.com/login?id/800178980,200,2421,NO,
800178943,https://app.udeki.com/login?id/800178943,200,2480,NO,
800179135,https://app.udeki.com/login?id/800179135,200,2239,NO,
800178994,https://app.udeki.com/login?id/800178994,200,2423,NO,
800179451,https://app.udeki.com/login?id/800179451,200,1847,NO,
800179768,https://app.udeki.com/login?id/800179768,200,2458,NO,
800180019,https://app.udeki.com/login?id/800180019,200,2516,NO,
800180127,https://app.udeki.com/login?id/800180127,200,1842,NO,
800180311,https://app.udeki.com/login?id/800180311,200,1941,NO,
800180328,https://app.udeki.com/login?id/800180328,200,2712,NO,
800180539,https://app.udeki.com/login?id/800180539,200,2601,NO,
800181183,https://app.udeki.com/login?id/800181183,200,2433,NO,
800180709,https://app.udeki.com/login?id/800180709,200,4495,NO,
800181494,https://app.udeki.com/login?id/800181494,200,2806,NO,
800181675,https://app.udeki.com/login?id/800181675,200,3560,NO,
800181694,https://app.udeki.com/login?id/800181694,200,2613,NO,
800181707,https://app.udeki.com/login?id/800181707,200,2192,NO,
800181747,https://app.udeki.com/login?id/800181747,200,2554,NO,
800182081,https://app.udeki.com/login?id/800182081,200,2050,NO,
800182319,https://app.udeki.com/login?id/800182319,200,1995,NO,
800182104,https://app.udeki.com/login?id/800182104,200,2282,NO,
800182765,https://app.udeki.com/login?id/800182765,200,1772,NO,
800183092,https://app.udeki.com/login?id/800183092,200,1992,NO,
800183798,https://app.udeki.com/login?id/800183798,200,2373,NO,
800184324,https://app.udeki.com/login?id/800184324,200,2277,NO,
800184366,https://app.udeki.com/login?id/800184366,200,1944,NO,
800184540,https://app.udeki.com/login?id/800184540,200,2414,NO,
800184695,https://app.udeki.com/login?id/800184695,200,2350,NO,
800184899,https://app.udeki.com/login?id/800184899,200,2657,NO,
800184905,https://app.udeki.com/login?id/800184905,200,2637,NO,
800184956,https://app.udeki.com/login?id/800184956,200,2510,NO,
800185020,https://app.udeki.com/login?id/800185020,200,1740,NO,
800185161,https://app.udeki.com/login?id/800185161,200,2337,NO,
800185497,https://app.udeki.com/login?id/800185497,200,2394,NO,
800186574,https://app.udeki.com/login?id/800186574,200,2455,NO,
800186769,https://app.udeki.com/login?id/800186769,200,2195,NO,
800186620,https://app.udeki.com/login?id/800186620,200,3863,NO,
800187050,https://app.udeki.com/login?id/800187050,200,2661,NO,
800187586,https://app.udeki.com/login?id/800187586,200,2614,NO,
800188225,https://app.udeki.com/login?id/800188225,200,2318,NO,
800187879,https://app.udeki.com/login?id/800187879,200,2536,NO,
800188261,https://app.udeki.com/login?id/800188261,200,1747,NO,
800188250,https://app.udeki.com/login?id/800188250,200,2306,NO,
800188268,https://app.udeki.com/login?id/800188268,200,2356,NO,
800188462,https://app.udeki.com/login?id/800188462,200,2112,NO,
800188954,https://app.udeki.com/login?id/800188954,200,2305,NO,
800188940,https://app.udeki.com/login?id/800188940,200,2477,NO,
800189272,https://app.udeki.com/login?id/800189272,200,2074,NO,
800189314,https://app.udeki.com/login?id/800189314,200,2123,NO,
800189354,https://app.udeki.com/login?id/800189354,200,2215,NO,
800189808,https://app.udeki.com/login?id/800189808,200,2330,NO,
800189814,https://app.udeki.com/login?id/800189814,200,2345,NO,
800189937,https://app.udeki.com/login?id/800189937,200,2454,NO,
800190082,https://app.udeki.com/login?id/800190082,200,2606,NO,
800190451,https://app.udeki.com/login?id/800190451,200,2603,NO,
800190618,https://app.udeki.com/login?id/800190618,200,2448,NO,
800190914,https://app.udeki.com/login?id/800190914,200,2618,NO,
800191483,https://app.udeki.com/login?id/800191483,200,1993,NO,
800191549,https://app.udeki.com/login?id/800191549,200,1973,NO,
800192058,https://app.udeki.com/login?id/800192058,200,1710,NO,
800191624,https://app.udeki.com/login?id/800191624,200,2202,NO,
800192420,https://app.udeki.com/login?id/800192420,200,2228,NO,
800192126,https://app.udeki.com/login?id/800192126,200,2313,NO,
800192426,https://app.udeki.com/login?id/800192426,200,2287,NO,
800192608,https://app.udeki.com/login?id/800192608,200,2421,NO,
800193355,https://app.udeki.com/login?id/800193355,200,1993,NO,
800193780,https://app.udeki.com/login?id/800193780,200,1845,NO,
800193408,https://app.udeki.com/login?id/800193408,200,4398,NO,
800193795,https://app.udeki.com/login?id/800193795,200,2706,NO,
800193939,https://app.udeki.com/login?id/800193939,200,2064,NO,
800194058,https://app.udeki.com/login?id/800194058,200,2239,NO,
800193975,https://app.udeki.com/login?id/800193975,200,2504,NO,
800194127,https://app.udeki.com/login?id/800194127,200,1959,NO,
800194406,https://app.udeki.com/login?id/800194406,200,2665,NO,
800194494,https://app.udeki.com/login?id/800194494,200,2420,NO,
800194534,https://app.udeki.com/login?id/800194534,200,2278,NO,
800194979,https://app.udeki.com/login?id/800194979,200,2137,NO,
800196009,https://app.udeki.com/login?id/800196009,200,2438,NO,
800196800,https://app.udeki.com/login?id/800196800,200,3447,NO,
800196806,https://app.udeki.com/login?id/800196806,200,2720,NO,
800196830,https://app.udeki.com/login?id/800196830,200,2199,NO,
800197308,https://app.udeki.com/login?id/800197308,200,2654,NO,
800197409,https://app.udeki.com/login?id/800197409,200,2281,NO,
800197417,https://app.udeki.com/login?id/800197417,200,2622,NO,
800197735,https://app.udeki.com/login?id/800197735,200,2313,NO,
800198089,https://app.udeki.com/login?id/800198089,200,2671,NO,
800199028,https://app.udeki.com/login?id/800199028,200,2582,NO,
800200115,https://app.udeki.com/login?id/800200115,200,2945,NO,
800200618,https://app.udeki.com/login?id/800200618,200,2121,NO,
800200331,https://app.udeki.com/login?id/800200331,200,4093,NO,
800201142,https://app.udeki.com/login?id/800201142,200,2109,NO,
800200665,https://app.udeki.com/login?id/800200665,200,2595,NO,
800201582,https://app.udeki.com/login?id/800201582,200,2383,NO,
800203120,https://app.udeki.com/login?id/800203120,200,2296,NO,
800205531,https://app.udeki.com/login?id/800205531,200,2187,NO,
800204994,https://app.udeki.com/login?id/800204994,200,2617,NO,
800205646,https://app.udeki.com/login?id/800205646,200,2264,NO,
800205825,https://app.udeki.com/login?id/800205825,200,2424,NO,
800206329,https://app.udeki.com/login?id/800206329,200,2101,NO,
800206349,https://app.udeki.com/login?id/800206349,200,2583,NO,
800206899,https://app.udeki.com/login?id/800206899,200,2088,NO,
800207612,https://app.udeki.com/login?id/800207612,200,2175,NO,
800208513,https://app.udeki.com/login?id/800208513,200,2706,NO,
800208581,https://app.udeki.com/login?id/800208581,200,1870,NO,
800208907,https://app.udeki.com/login?id/800208907,200,2136,NO,
800209233,https://app.udeki.com/login?id/800209233,200,4073,NO,
800209234,https://app.udeki.com/login?id/800209234,200,2529,NO,
800209674,https://app.udeki.com/login?id/800209674,200,2126,NO,
800209748,https://app.udeki.com/login?id/800209748,200,2633,NO,
800209877,https://app.udeki.com/login?id/800209877,200,1896,NO,
800209906,https://app.udeki.com/login?id/800209906,200,4783,NO,
800209945,https://app.udeki.com/login?id/800209945,200,4292,NO,
800209947,https://app.udeki.com/login?id/800209947,200,1780,NO,
800210165,https://app.udeki.com/login?id/800210165,200,2146,NO,
800210194,https://app.udeki.com/login?id/800210194,200,2626,NO,
800210305,https://app.udeki.com/login?id/800210305,200,2697,NO,
800211483,https://app.udeki.com/login?id/800211483,200,2540,NO,
800212539,https://app.udeki.com/login?id/800212539,200,2420,NO,
800211493,https://app.udeki.com/login?id/800211493,200,4235,NO,
800212784,https://app.udeki.com/login?id/800212784,200,2042,NO,
800212580,https://app.udeki.com/login?id/800212580,200,2704,NO,
800213048,https://app.udeki.com/login?id/800213048,200,2011,NO,
800213629,https://app.udeki.com/login?id/800213629,200,2582,NO,
800213883,https://app.udeki.com/login?id/800213883,200,2552,NO,
800214053,https://app.udeki.com/login?id/800214053,200,2502,NO,
800214334,https://app.udeki.com/login?id/800214334,200,2568,NO,
800214404,https://app.udeki.com/login?id/800214404,200,3321,NO,
800214580,https://app.udeki.com/login?id/800214580,200,2420,NO,
800215020,https://app.udeki.com/login?id/800215020,200,1862,NO,
800214600,https://app.udeki.com/login?id/800214600,200,2884,NO,
800215242,https://app.udeki.com/login?id/800215242,200,1878,NO,
800215070,https://app.udeki.com/login?id/800215070,200,2463,NO,
800215760,https://app.udeki.com/login?id/800215760,200,2154,NO,
800215973,https://app.udeki.com/login?id/800215973,200,2592,NO,
800216270,https://app.udeki.com/login?id/800216270,200,1709,NO,
800216267,https://app.udeki.com/login?id/800216267,200,2257,NO,
800217877,https://app.udeki.com/login?id/800217877,200,2040,NO,
800218091,https://app.udeki.com/login?id/800218091,200,2159,NO,
800218521,https://app.udeki.com/login?id/800218521,200,1840,NO,
800218535,https://app.udeki.com/login?id/800218535,200,2512,NO,
800218592,https://app.udeki.com/login?id/800218592,200,2046,NO,
800218712,https://app.udeki.com/login?id/800218712,200,1727,NO,
800218725,https://app.udeki.com/login?id/800218725,200,2511,NO,
800218963,https://app.udeki.com/login?id/800218963,200,2139,NO,
800218994,https://app.udeki.com/login?id/800218994,200,1983,NO,
800219200,https://app.udeki.com/login?id/800219200,200,1869,NO,
800219607,https://app.udeki.com/login?id/800219607,200,2061,NO,
800219618,https://app.udeki.com/login?id/800219618,200,2220,NO,
800220086,https://app.udeki.com/login?id/800220086,200,2117,NO,
800219939,https://app.udeki.com/login?id/800219939,200,2303,NO,
800220268,https://app.udeki.com/login?id/800220268,200,2349,NO,
800221055,https://app.udeki.com/login?id/800221055,200,2634,NO,
800221702,https://app.udeki.com/login?id/800221702,200,1995,NO,
800221442,https://app.udeki.com/login?id/800221442,200,2419,NO,
800222387,https://app.udeki.com/login?id/800222387,200,2650,NO,
800222520,https://app.udeki.com/login?id/800222520,200,2608,NO,
800222939,https://app.udeki.com/login?id/800222939,200,2283,NO,
800223122,https://app.udeki.com/login?id/800223122,200,2313,NO,
800223431,https://app.udeki.com/login?id/800223431,200,2223,NO,
800223133,https://app.udeki.com/login?id/800223133,200,2489,NO,
800225753,https://app.udeki.com/login?id/800225753,200,1893,NO,
800226024,https://app.udeki.com/login?id/800226024,200,2322,NO,
800226044,https://app.udeki.com/login?id/800226044,200,1806,NO,
800226033,https://app.udeki.com/login?id/800226033,200,2541,NO,
800226536,https://app.udeki.com/login?id/800226536,200,1929,NO,
800226117,https://app.udeki.com/login?id/800226117,200,2587,NO,
800226793,https://app.udeki.com/login?id/800226793,200,2556,NO,
800227193,https://app.udeki.com/login?id/800227193,200,2181,NO,
800227364,https://app.udeki.com/login?id/800227364,200,1848,NO,
800227406,https://app.udeki.com/login?id/800227406,200,1758,NO,
800227863,https://app.udeki.com/login?id/800227863,200,2483,NO,
800227992,https://app.udeki.com/login?id/800227992,200,2487,NO,
800228120,https://app.udeki.com/login?id/800228120,200,2155,NO,
800228133,https://app.udeki.com/login?id/800228133,200,2253,NO,
800228413,https://app.udeki.com/login?id/800228413,200,1918,NO,
800228559,https://app.udeki.com/login?id/800228559,200,1990,NO,
800228751,https://app.udeki.com/login?id/800228751,200,2176,NO,
800228813,https://app.udeki.com/login?id/800228813,200,2058,NO,
800228968,https://app.udeki.com/login?id/800228968,200,1852,NO,
800229403,https://app.udeki.com/login?id/800229403,200,2514,NO,
800229404,https://app.udeki.com/login?id/800229404,200,2161,NO,
800229405,https://app.udeki.com/login?id/800229405,200,2229,NO,
800229875,https://app.udeki.com/login?id/800229875,200,2179,NO,
800230242,https://app.udeki.com/login?id/800230242,200,2322,NO,
800229877,https://app.udeki.com/login?id/800229877,200,3959,NO,
800230542,https://app.udeki.com/login?id/800230542,200,1786,NO,
800231103,https://app.udeki.com/login?id/800231103,200,2732,NO,
800231374,https://app.udeki.com/login?id/800231374,200,2116,NO,
800231800,https://app.udeki.com/login?id/800231800,200,2394,NO,
800233389,https://app.udeki.com/login?id/800233389,200,3790,NO,
800233559,https://app.udeki.com/login?id/800233559,200,2428,NO,
800233785,https://app.udeki.com/login?id/800233785,200,2492,NO,
800233588,https://app.udeki.com/login?id/800233588,200,3210,NO,
800233857,https://app.udeki.com/login?id/800233857,200,2790,NO,
800234047,https://app.udeki.com/login?id/800234047,200,3140,NO,
800234068,https://app.udeki.com/login?id/800234068,200,2523,NO,
800234876,https://app.udeki.com/login?id/800234876,200,2680,NO,
800235739,https://app.udeki.com/login?id/800235739,200,2954,NO,
800235840,https://app.udeki.com/login?id/800235840,200,1952,NO,
800236561,https://app.udeki.com/login?id/800236561,200,1904,NO,
800236153,https://app.udeki.com/login?id/800236153,200,2383,NO,
800236984,https://app.udeki.com/login?id/800236984,200,2557,NO,
800236988,https://app.udeki.com/login?id/800236988,200,2259,NO,
800237292,https://app.udeki.com/login?id/800237292,200,1824,NO,
800237007,https://app.udeki.com/login?id/800237007,200,2235,NO,
800237453,https://app.udeki.com/login?id/800237453,200,2475,NO,
800237356,https://app.udeki.com/login?id/800237356,200,2845,NO,
800239730,https://app.udeki.com/login?id/800239730,200,1831,NO,
800240605,https://app.udeki.com/login?id/800240605,200,1730,NO,
800241163,https://app.udeki.com/login?id/800241163,200,1910,NO,
800241726,https://app.udeki.com/login?id/800241726,200,2517,NO,
800242668,https://app.udeki.com/login?id/800242668,200,3194,NO,
800243065,https://app.udeki.com/login?id/800243065,200,2738,NO,
800243174,https://app.udeki.com/login?id/800243174,200,2295,NO,
800243172,https://app.udeki.com/login?id/800243172,200,2648,NO,
800243180,https://app.udeki.com/login?id/800243180,200,2405,NO,
800243182,https://app.udeki.com/login?id/800243182,200,2978,NO,
800243234,https://app.udeki.com/login?id/800243234,200,2042,NO,
800243391,https://app.udeki.com/login?id/800243391,200,1768,NO,
800243448,https://app.udeki.com/login?id/800243448,200,1878,NO,
800243446,https://app.udeki.com/login?id/800243446,200,2966,NO,
800243941,https://app.udeki.com/login?id/800243941,200,2526,NO,
800244505,https://app.udeki.com/login?id/800244505,200,2108,NO,
800245716,https://app.udeki.com/login?id/800245716,200,2324,NO,
800245556,https://app.udeki.com/login?id/800245556,200,2603,NO,
800246080,https://app.udeki.com/login?id/800246080,200,2435,NO,
800246058,https://app.udeki.com/login?id/800246058,200,3676,NO,
800246195,https://app.udeki.com/login?id/800246195,200,1915,NO,
800246340,https://app.udeki.com/login?id/800246340,200,2429,NO,
800246871,https://app.udeki.com/login?id/800246871,200,1901,NO,
800247707,https://app.udeki.com/login?id/800247707,200,1814,NO,
800247251,https://app.udeki.com/login?id/800247251,200,2205,NO,
800247916,https://app.udeki.com/login?id/800247916,200,2551,NO,
800247918,https://app.udeki.com/login?id/800247918,200,2469,NO,
800247992,https://app.udeki.com/login?id/800247992,200,2053,NO,
800248703,https://app.udeki.com/login?id/800248703,200,2519,NO,
800248706,https://app.udeki.com/login?id/800248706,200,2088,NO,
800248738,https://app.udeki.com/login?id/800248738,200,2466,NO,
800249126,https://app.udeki.com/login?id/800249126,200,1773,NO,
800249171,https://app.udeki.com/login?id/800249171,200,2725,NO,
800249216,https://app.udeki.com/login?id/800249216,200,1941,NO,
800249568,https://app.udeki.com/login?id/800249568,200,2349,NO,
800249645,https://app.udeki.com/login?id/800249645,200,2456,NO,
800249723,https://app.udeki.com/login?id/800249723,200,1953,NO,
800249671,https://app.udeki.com/login?id/800249671,200,2383,NO,
800250015,https://app.udeki.com/login?id/800250015,200,1810,NO,
800249796,https://app.udeki.com/login?id/800249796,200,2290,NO,
800250100,https://app.udeki.com/login?id/800250100,200,2603,NO,
800250102,https://app.udeki.com/login?id/800250102,200,2448,NO,
800250401,https://app.udeki.com/login?id/800250401,200,1712,NO,
800250628,https://app.udeki.com/login?id/800250628,200,2156,NO,
800251115,https://app.udeki.com/login?id/800251115,200,2624,NO,
800251488,https://app.udeki.com/login?id/800251488,200,2136,NO,
800251680,https://app.udeki.com/login?id/800251680,200,2019,NO,
800251728,https://app.udeki.com/login?id/800251728,200,2695,NO,
800252706,https://app.udeki.com/login?id/800252706,200,1825,NO,
800252786,https://app.udeki.com/login?id/800252786,200,2095,NO,
800253393,https://app.udeki.com/login?id/800253393,200,2031,NO,
800254327,https://app.udeki.com/login?id/800254327,200,1808,NO,
800254333,https://app.udeki.com/login?id/800254333,200,2515,NO,
800254691,https://app.udeki.com/login?id/800254691,200,2450,NO,
800254732,https://app.udeki.com/login?id/800254732,200,2248,NO,
800254779,https://app.udeki.com/login?id/800254779,200,3402,NO,
800254865,https://app.udeki.com/login?id/800254865,200,2164,NO,
800255013,https://app.udeki.com/login?id/800255013,200,2145,NO,
800254978,https://app.udeki.com/login?id/800254978,200,2693,NO,
800255353,https://app.udeki.com/login?id/800255353,200,2185,NO,
800255089,https://app.udeki.com/login?id/800255089,200,2999,NO,
800255384,https://app.udeki.com/login?id/800255384,200,2099,NO,
800255397,https://app.udeki.com/login?id/800255397,200,1699,NO,
800255421,https://app.udeki.com/login?id/800255421,200,2534,NO,
800255730,https://app.udeki.com/login?id/800255730,200,2454,NO,
800255856,https://app.udeki.com/login?id/800255856,200,1754,NO,
800255974,https://app.udeki.com/login?id/800255974,200,2063,NO,
800256090,https://app.udeki.com/login?id/800256090,200,2617,NO,
800256383,https://app.udeki.com/login?id/800256383,200,2456,NO,
800256502,https://app.udeki.com/login?id/800256502,200,1708,NO,
800256393,https://app.udeki.com/login?id/800256393,200,1936,NO,
800256833,https://app.udeki.com/login?id/800256833,200,1891,NO,
801000596,https://app.udeki.com/login?id/801000596,200,2196,NO,
801001823,https://app.udeki.com/login?id/801001823,200,2654,NO,
801003914,https://app.udeki.com/login?id/801003914,200,2597,NO,
801003926,https://app.udeki.com/login?id/801003926,200,1937,NO,
801003927,https://app.udeki.com/login?id/801003927,200,2431,NO,
801003931,https://app.udeki.com/login?id/801003931,200,2758,NO,
801003964,https://app.udeki.com/login?id/801003964,200,2254,NO,
801003965,https://app.udeki.com/login?id/801003965,200,1942,NO,
801003966,https://app.udeki.com/login?id/801003966,200,2766,NO,
801004151,https://app.udeki.com/login?id/801004151,200,1890,NO,
801004562,https://app.udeki.com/login?id/801004562,200,2305,NO,
801004588,https://app.udeki.com/login?id/801004588,200,2932,NO,
801004629,https://app.udeki.com/login?id/801004629,200,2451,NO,
801004631,https://app.udeki.com/login?id/801004631,200,2414,NO,
801004639,https://app.udeki.com/login?id/801004639,200,2412,NO,
801004646,https://app.udeki.com/login?id/801004646,200,2548,NO,
801004657,https://app.udeki.com/login?id/801004657,200,2385,NO,
801004658,https://app.udeki.com/login?id/801004658,200,2357,NO,
801004664,https://app.udeki.com/login?id/801004664,200,2169,NO,
801004663,https://app.udeki.com/login?id/801004663,200,3901,NO,
801004678,https://app.udeki.com/login?id/801004678,200,2516,NO,
801004666,https://app.udeki.com/login?id/801004666,200,2909,NO,
801004741,https://app.udeki.com/login?id/801004741,200,1951,NO,
801004740,https://app.udeki.com/login?id/801004740,200,2308,NO,
801004798,https://app.udeki.com/login?id/801004798,200,1898,NO,
801004835,https://app.udeki.com/login?id/801004835,200,1889,NO,
801004910,https://app.udeki.com/login?id/801004910,200,2393,NO,
801004930,https://app.udeki.com/login?id/801004930,200,2715,NO,
801004962,https://app.udeki.com/login?id/801004962,200,2178,NO,
801004956,https://app.udeki.com/login?id/801004956,200,2634,NO,
802000318,https://app.udeki.com/login?id/802000318,200,2390,NO,
802000557,https://app.udeki.com/login?id/802000557,200,2475,NO,
802000747,https://app.udeki.com/login?id/802000747,200,2382,NO,
802000769,https://app.udeki.com/login?id/802000769,200,2317,NO,
802000796,https://app.udeki.com/login?id/802000796,200,2110,NO,
802000879,https://app.udeki.com/login?id/802000879,200,2158,NO,
802000963,https://app.udeki.com/login?id/802000963,200,2109,NO,
802000994,https://app.udeki.com/login?id/802000994,200,2068,NO,
802001194,https://app.udeki.com/login?id/802001194,200,2151,NO,
802001062,https://app.udeki.com/login?id/802001062,200,2493,NO,
802001202,https://app.udeki.com/login?id/802001202,200,2252,NO,
802001221,https://app.udeki.com/login?id/802001221,200,2241,NO,
802001387,https://app.udeki.com/login?id/802001387,200,1842,NO,
802001226,https://app.udeki.com/login?id/802001226,200,2265,NO,
802001393,https://app.udeki.com/login?id/802001393,200,1706,NO,
802001425,https://app.udeki.com/login?id/802001425,200,2611,NO,
802001431,https://app.udeki.com/login?id/802001431,200,2480,NO,
802001440,https://app.udeki.com/login?id/802001440,200,2681,NO,
802001512,https://app.udeki.com/login?id/802001512,200,3298,NO,
802001532,https://app.udeki.com/login?id/802001532,200,2650,NO,
802001550,https://app.udeki.com/login?id/802001550,200,2335,NO,
802001739,https://app.udeki.com/login?id/802001739,200,2671,NO,
802001809,https://app.udeki.com/login?id/802001809,200,1702,NO,
802001774,https://app.udeki.com/login?id/802001774,200,2646,NO,
802002042,https://app.udeki.com/login?id/802002042,200,1801,NO,
802001962,https://app.udeki.com/login?id/802001962,200,2079,NO,
901071413,https://app.udeki.com/login?id/901071413,200,4346,NO,
801003964,https://app.udeki.com/login?id/801003964,200,4369,NO,
801003966,https://app.udeki.com/login?id/801003966,200,2560,NO,
801003965,https://app.udeki.com/login?id/801003965,200,2773,NO,
801004151,https://app.udeki.com/login?id/801004151,200,1670,NO,
801004562,https://app.udeki.com/login?id/801004562,200,2309,NO,
801004588,https://app.udeki.com/login?id/801004588,200,2556,NO,
801004629,https://app.udeki.com/login?id/801004629,200,2424,NO,
801004631,https://app.udeki.com/login?id/801004631,200,2084,NO,
801004639,https://app.udeki.com/login?id/801004639,200,2577,NO,
801004646,https://app.udeki.com/login?id/801004646,200,2283,NO,
801004657,https://app.udeki.com/login?id/801004657,200,2251,NO,
801004658,https://app.udeki.com/login?id/801004658,200,2190,NO,
801004663,https://app.udeki.com/login?id/801004663,200,2789,NO,
801004664,https://app.udeki.com/login?id/801004664,200,4198,NO,
801004666,https://app.udeki.com/login?id/801004666,200,2470,NO,
